# Pin Out For LFD2NX-40,,,,,,,,,,
# Rev 1.0 17-Jun-2020,,,,,,,,,,
"# per PKT Release 3, March 2020",,,,,,,,,,
# Rev 1.1 21-Oct-2020,,,,,,,,,,
"# Added CABGA196, CSFBGA121",,,,,,,,,,
"# per PKT Release 5, July 2020",,,,,,,,,,
# Rev 1.2 26-Oct-2020,,,,,,,,,,
# Removed referrences to PMU,,,,,,,,,,
,,,,,,,,,,
,,,,,,,,,,
index,PADN,Pad/Ball Function,BANK,DQS,CFG,LVDS,HIGHSPEED,CABGA256,CABGA196,CSFBGA121
1,1,VSS,-,-,-,-,-,-,-,-
2,2,-,-,-,-,-,-,-,-,-
3,3,-,-,-,-,-,-,-,-,-
4,4,VCCPLL_ULC,-,-,-,-,-,-,-,-
5,5,VCC,-,-,-,-,-,-,-,-
6,6,VCC,-,-,-,-,-,-,-,-
7,7,-,-,-,-,-,-,-,-,-
8,8,-,-,-,-,-,-,-,-,-
9,9,-,-,-,-,-,-,-,-,-
10,10,-,-,-,-,-,-,-,-,-
11,11,VSS,-,-,-,-,-,-,-,-
12,12,PL3A,7,-,ULC_GPLL0T_IN/EIO,True_OF_PL3B,FALSE,D4,B1,-
13,13,PL3B,7,-,ULC_GPLL0C_IN/EIO,Comp_OF_PL3A,FALSE,D5,C1,-
14,14,-,-,-,-,-,-,-,-,-
15,15,VCC,-,-,-,-,-,-,-,-
16,16,VSSIO7,-,-,-,-,-,-,-,-
17,17,PL4A,7,-,EIO,True_OF_PL4B,FALSE,D6,C5,-
18,18,PL4B,7,-,EIO,Comp_OF_PL4A,FALSE,E6,C4,-
19,19,-,-,-,-,-,-,-,-,-
20,20,VCCIO7,7,-,-,-,-,-,-,-
21,21,PL6A,7,-,EIO,True_OF_PL6B,FALSE,E4,B5,-
22,22,PL6B,7,-,EIO,Comp_OF_PL6A,FALSE,E5,C6,-
23,23,-,-,-,-,-,-,-,-,-
24,24,VSS,-,-,-,-,-,-,-,-
25,25,-,-,-,-,-,-,-,-,-
26,26,VCCAUXA,-,-,-,-,-,-,-,-
27,27,-,-,-,-,-,-,-,-,-
28,28,-,-,-,-,-,-,-,-,-
29,29,VCCAUX,-,-,-,-,-,-,-,-
30,30,-,-,-,-,-,-,-,-,-
31,31,-,-,-,-,-,-,-,-,-
32,32,PL8A,7,-,EIO,True_OF_PL8B,FALSE,C2,C3,-
33,33,PL8B,7,-,EIO,Comp_OF_PL8A,FALSE,D2,C2,-
34,34,-,-,-,-,-,-,-,-,-
35,35,VSS,-,-,-,-,-,-,-,-
36,36,VSS,-,-,-,-,-,-,-,-
37,37,PL10A,7,-,EIO,True_OF_PL10B,FALSE,E3,D7,-
38,38,PL10B,7,-,EIO,Comp_OF_PL10A,FALSE,D3,D6,-
39,39,VCCIO7,7,-,-,-,-,-,-,-
40,40,VCC,-,-,-,-,-,-,-,-
41,41,VSSIO7,-,-,-,-,-,-,-,-
42,42,-,-,-,-,-,-,-,-,-
43,43,PL11A,7,-,EIO,True_OF_PL11B,FALSE,C1,D2,-
44,44,PL11B,7,-,EIO,Comp_OF_PL11A,FALSE,B1,D1,-
45,45,VSS,-,-,-,-,-,-,-,-
46,46,-,-,-,-,-,-,-,-,-
47,47,VCC,-,-,-,-,-,-,-,-
48,48,-,-,-,-,-,-,-,-,-
49,49,PL13A,7,-,EIO,True_OF_PL13B,FALSE,D1,-,-
50,50,PL13B,7,-,EIO,Comp_OF_PL13A,FALSE,E1,-,-
51,51,VSS,-,-,-,-,-,-,-,-
52,52,VSS,-,-,-,-,-,-,-,-
53,53,PL15A,7,-,EIO,True_OF_PL15B,FALSE,F2,-,-
54,54,PL15B,7,-,EIO,Comp_OF_PL15A,FALSE,E2,-,-
55,55,VCC,-,-,-,-,-,-,-,-
56,56,VCC,-,-,-,-,-,-,-,-
57,57,PL17A,7,-,PCLKT7_2/EIO,True_OF_PL17B,FALSE,F6,D3,-
58,58,PL17B,7,-,EIO,Comp_OF_PL17A,FALSE,G6,E3,-
59,59,-,-,-,-,-,-,-,-,-
60,60,VSSIO7,-,-,-,-,-,-,-,-
61,61,-,-,-,-,-,-,-,-,-
62,62,-,-,-,-,-,-,-,-,-
63,63,VCCIO7,7,-,-,-,-,-,-,-
64,64,PL19A,7,-,PCLKT7_1/EIO,True_OF_PL19B,FALSE,F4,D5,-
65,65,PL19B,7,-,EIO,Comp_OF_PL19A,FALSE,G4,E5,-
66,66,-,-,-,-,-,-,-,-,-
67,67,VSS,-,-,-,-,-,-,-,-
68,68,UC_VPWIO,-,-,-,-,-,-,-,-
69,69,VCCAUX,-,-,-,-,-,-,-,-
70,70,PL20A,7,-,PCLKT7_0/EIO,True_OF_PL20B,FALSE,G3,E7,-
71,71,PL20B,7,-,EIO,Comp_OF_PL20A,FALSE,G2,E6,-
72,72,-,-,-,-,-,-,-,-,-
73,73,VSS,-,-,-,-,-,-,-,-
74,74,PL24A,6,-,EIO,True_OF_PL24B,FALSE,H6,E2,-
75,75,PL24B,6,-,EIO,Comp_OF_PL24A,FALSE,H5,E1,-
76,76,VCCIO6,6,-,-,-,-,-,-,-
77,77,VSSIO6,-,-,-,-,-,-,-,-
78,78,UC_VNW,-,-,-,-,-,-,-,-
79,79,PL26A,6,-,EIO,True_OF_PL26B,FALSE,H4,F3,-
80,80,PL26B,6,-,EIO,Comp_OF_PL26A,FALSE,H3,F4,-
81,81,UC_VPW,-,-,-,-,-,-,-,-
82,82,-,-,-,-,-,-,-,-,-
83,83,VSS,-,-,-,-,-,-,-,-
84,84,PL27A,6,-,EIO,True_OF_PL27B,FALSE,H1,F5,-
85,85,PL27B,6,-,EIO,Comp_OF_PL27A,FALSE,H2,F6,-
86,86,-,-,-,-,-,-,-,-,-
87,87,VCC,-,-,-,-,-,-,-,-
88,88,UC_V2P5,-,-,-,-,-,-,-,-
89,89,PL30A,6,-,PCLKT6_0/EIO,True_OF_PL30B,FALSE,J6,F2,-
90,90,PL30B,6,-,EIO,Comp_OF_PL30A,FALSE,J5,F1,-
91,91,VSS,-,-,-,-,-,-,-,-
92,92,-,-,-,-,-,-,-,-,-
93,93,VSS,-,-,-,-,-,-,-,-
94,94,VCC,-,-,-,-,-,-,-,-
95,95,VCC,-,-,-,-,-,-,-,-
96,96,PL32A,6,-,PCLKT6_1/EIO,True_OF_PL32B,FALSE,J1,G1,-
97,97,PL32B,6,-,EIO,Comp_OF_PL32A,FALSE,J2,G2,-
98,98,-,-,-,-,-,-,-,-,-
99,99,VSSIO6,-,-,-,-,-,-,-,-
100,100,-,-,-,-,-,-,-,-,-
101,101,-,-,-,-,-,-,-,-,-
102,102,VCCIO6,6,-,-,-,-,-,-,-
103,103,PL34A,6,-,PCLKT6_2/EIO,True_OF_PL34B,FALSE,K1,G5,-
104,104,PL34B,6,-,EIO,Comp_OF_PL34A,FALSE,K2,G6,-
105,105,-,-,-,-,-,-,-,-,-
106,106,-,-,-,-,-,-,-,-,-
107,107,VSS,-,-,-,-,-,-,-,-
108,108,-,-,-,-,-,-,-,-,-
109,109,VCCAUX,-,-,-,-,-,-,-,-
110,110,PL36A,6,-,EIO,True_OF_PL36B,FALSE,K4,H1,-
111,111,PL36B,6,-,EIO,Comp_OF_PL36A,FALSE,K3,H2,-
112,112,VSS,-,-,-,-,-,-,-,-
113,113,-,-,-,-,-,-,-,-,-
114,114,VSS,-,-,-,-,-,-,-,-
115,115,PL38A,6,-,EIO,True_OF_PL38B,FALSE,K6,H3,-
116,116,PL38B,6,-,EIO,Comp_OF_PL38A,FALSE,K5,H4,-
117,117,VCC,-,-,-,-,-,-,-,-
118,118,-,-,-,-,-,-,-,-,-
119,119,VCCIO6,6,-,-,-,-,-,-,-
120,120,-,-,-,-,-,-,-,-,-
121,121,VSSIO6,-,-,-,-,-,-,-,-
122,122,-,-,-,-,-,-,-,-,-
123,123,PL40A,6,-,EIO,True_OF_PL40B,FALSE,L1,H5,-
124,124,PL40B,6,-,EIO,Comp_OF_PL40A,FALSE,L2,H6,-
125,125,-,-,-,-,-,-,-,-,-
126,126,-,-,-,-,-,-,-,-,-
127,127,VSS,-,-,-,-,-,-,-,-
128,128,-,-,-,-,-,-,-,-,-
129,129,PL42A,6,-,EIO,True_OF_PL42B,FALSE,M1,J1,-
130,130,PL42B,6,-,EIO,Comp_OF_PL42A,FALSE,M2,J2,-
131,131,VCC,-,-,-,-,-,-,-,-
132,132,-,-,-,-,-,-,-,-,-
133,133,VSS,-,-,-,-,-,-,-,-
134,134,PL44A,6,-,EIO,True_OF_PL44B,FALSE,F1,J3,-
135,135,PL44B,6,-,EIO,Comp_OF_PL44A,FALSE,G1,J4,-
136,136,VSS,-,-,-,-,-,-,-,-
137,137,VCC,-,-,-,-,-,-,-,-
138,138,VCC,-,-,-,-,-,-,-,-
139,139,PL46A,6,-,EIO,True_OF_PL46B,FALSE,L4,J5,-
140,140,PL46B,6,-,EIO,Comp_OF_PL46A,FALSE,L5,J6,-
141,141,VSSIO6,-,-,-,-,-,-,-,-
142,142,-,-,-,-,-,-,-,-,-
143,143,-,-,-,-,-,-,-,-,-
144,144,VCCIO6,6,-,-,-,-,-,-,-
145,145,PL47A,6,-,EIO,True_OF_PL47B,FALSE,M3,K2,-
146,146,PL47B,6,-,EIO,Comp_OF_PL47A,FALSE,L3,-,-
147,147,VSS,-,-,-,-,-,-,-,-
148,148,-,-,-,-,-,-,-,-,-
149,149,PL49A,6,-,EIO,True_OF_PL49B,FALSE,N2,-,-
150,150,PL49B,6,-,EIO,Comp_OF_PL49A,FALSE,N1,-,-
151,151,VCCAUX,-,-,-,-,-,-,-,-
152,152,-,-,-,-,-,-,-,-,-
153,153,-,-,-,-,-,-,-,-,-
154,154,VCCPLL_LLC,-,-,-,-,-,-,-,-
155,155,VSS,-,-,-,-,-,-,-,-
156,156,-,-,-,-,-,-,-,-,-
157,157,-,-,-,-,-,-,-,-,-
158,158,VSS,-,-,-,-,-,-,-,-
159,159,-,-,-,-,-,-,-,-,-
160,160,-,-,-,-,-,-,-,-,-
161,161,VCCCDR,-,-,-,-,-,-,-,-
162,162,VCCECLK,-,-,-,-,-,-,-,-
163,163,-,-,-,-,-,-,-,-,-
164,164,-,-,-,-,-,-,-,-,-
165,165,VCCECLK,-,-,-,-,-,-,-,-
166,166,UC_IOS18_CAL_DONE,-,-,-,-,-,-,-,-
167,167,UC_IOS18_CALEN,-,-,-,-,-,-,-,-
168,168,-,-,-,-,-,-,-,-,-
169,169,-,-,-,-,-,-,-,-,-
170,170,UC_IOS18_FST_WK,-,-,-,-,-,-,-,-
171,171,UC_IOS18_WRT_NPLS,-,-,-,-,-,-,-,-
172,172,VCCAUXH5,5,-,-,-,-,-,-,-
173,173,PB4A,5,-,VREF5_1/ADC_CP0/COMP1P,True_OF_PB4B,TRUE,P3,K1,E11
174,174,-,-,-,-,-,-,-,-,-
175,175,-,-,-,-,-,-,-,-,-
176,176,-,-,-,-,-,-,-,-,-
177,177,VSS,-,-,-,-,-,-,-,-
178,178,PB4B,5,-,CDR_RXN0/ADC_CN0/COMP1N,Comp_OF_PB4A,TRUE,N3,L1,E10
179,179,PB6A,5,-,PCLKT5_0/CDR_RXP1/ADC_CP1/COMP2P,True_OF_PB6B,TRUE,N4,K3,F11
180,180,-,-,-,-,-,-,-,-,-
181,181,-,-,-,-,-,-,-,-,-
182,182,-,-,-,-,-,-,-,-,-
183,183,-,-,-,-,-,-,-,-,-
184,184,VCCIO5,5,-,-,-,-,-,-,-
185,185,-,-,-,-,-,-,-,-,-
186,186,PB6B,5,-,PCLKC5_0/CDR_RXN1/ADC_CN1/COMP2N,Comp_OF_PB6A,TRUE,M4,L3,F10
187,187,PB8A,5,-,PCLKT5_1/LLC_GPLL0T_IN/ADC_CP3,True_OF_PB8B,TRUE,L7,M1,G10
188,188,-,-,-,-,-,-,-,-,-
189,189,VSSIO5,-,-,-,-,-,-,-,-
190,190,PB8B,5,-,PCLKC5_1/LLC_GPLL0C_IN/ADC_CN3,Comp_OF_PB8A,TRUE,M7,N1,G11
191,191,PB10A,5,-,PCLKT5_2/ADC_CP2/COMP3P,True_OF_PB10B,TRUE,L6,L2,F8
192,192,-,-,-,-,-,-,-,-,-
193,193,-,-,-,-,-,-,-,-,-
194,194,-,-,-,-,-,-,-,-,-
195,195,-,-,-,-,-,-,-,-,-
196,196,VSS,-,-,-,-,-,-,-,-
197,197,-,-,-,-,-,-,-,-,-
198,198,-,-,-,-,-,-,-,-,-
199,199,PB12A,5,-,PCLKT5_3,True_OF_PB12B,TRUE,P1,P2,E7
200,200,PB10B,5,-,PCLKC5_2/ADC_CN2/COMP3N,Comp_OF_PB10A,TRUE,K7,M2,F9
201,201,VSS,-,-,-,-,-,-,-,-
202,202,VCC,-,-,-,-,-,-,-,-
203,203,-,-,-,-,-,-,-,-,-
204,204,VCC,-,-,-,-,-,-,-,-
205,205,PB12B,5,-,PCLKC5_3/VREF5_2,Comp_OF_PB12A,TRUE,P2,P3,F7
206,206,VSSIO5,-,-,-,-,-,-,-,-
207,207,VCCAUXH5,5,-,-,-,-,-,-,-
208,208,-,-,-,-,-,-,-,-,-
209,209,-,-,-,-,-,-,-,-,-
210,210,VCCIO5,5,-,-,-,-,-,-,-
211,211,-,-,-,-,-,-,-,-,-
212,212,-,-,-,-,-,-,-,-,-
213,213,PB16A,4,BDQ22,VREF4_1,True_OF_PB16B,TRUE,R1,L4,K10
214,214,VCCAUXH4,4,-,-,-,-,-,-,-
215,215,PB16B,4,BDQ22,-,Comp_OF_PB16A,TRUE,R2,M4,K11
216,216,PB18A,4,BDQ22,PCLKT4_3,True_OF_PB18B,TRUE,R3,N4,J8
217,217,VSS,-,-,-,-,-,-,-,-
218,218,-,-,-,-,-,-,-,-,-
219,219,-,-,-,-,-,-,-,-,-
220,220,-,-,-,-,-,-,-,-,-
221,221,-,-,-,-,-,-,-,-,-
222,222,PB18B,4,BDQ22,PCLKC4_3,Comp_OF_PB18A,TRUE,T2,P4,J7
223,223,VSS,-,-,-,-,-,-,-,-
224,224,VCCIO4,4,-,-,-,-,-,-,-
225,225,PB20A,4,BDQ22,-,True_OF_PB20B,TRUE,T3,K4,H11
226,226,-,-,-,-,-,-,-,-,-
227,227,-,-,-,-,-,-,-,-,-
228,228,VSSIO4,-,-,-,-,-,-,-,-
229,229,PB20B,4,BDQ22,-,Comp_OF_PB20A,TRUE,T4,K5,H10
230,230,VCC,-,-,-,-,-,-,-,-
231,231,PB22A,4,BDQS22,-,True_OF_PB22B,TRUE,T5,N5,L10
232,232,VCC,-,-,-,-,-,-,-,-
233,233,-,-,-,-,-,-,-,-,-
234,234,-,-,-,-,-,-,-,-,-
235,235,PB24A,4,BDQ22,PCLKT4_2,True_OF_PB24B,TRUE,R4,N6,J10
236,236,PB22B,4,BDQSN22,-,Comp_OF_PB22A,TRUE,R6,P5,L11
237,237,VSS,-,-,-,-,-,-,-,-
238,238,-,-,-,-,-,-,-,-,-
239,239,-,-,-,-,-,-,-,-,-
240,240,PB24B,4,BDQ22,PCLKC4_2,Comp_OF_PB24A,TRUE,P4,P6,J11
241,241,PB26A,4,BDQ22,-,True_OF_PB26B,TRUE,P5,K6,L8
242,242,VCC,-,-,-,-,-,-,-,-
243,243,VSS,-,-,-,-,-,-,-,-
244,244,PB26B,4,BDQ22,-,Comp_OF_PB26A,TRUE,R5,L6,K8
245,245,VSSIO4,-,-,-,-,-,-,-,-
246,246,PB28A,4,BDQ22,-,True_OF_PB28B,TRUE,T6,L7,G9
247,247,-,-,-,-,-,-,-,-,-
248,248,VCCECLK,-,-,-,-,-,-,-,-
249,249,VCCIO4,4,-,-,-,-,-,-,-
250,250,-,-,-,-,-,-,-,-,-
251,251,PB28B,4,BDQ22,-,Comp_OF_PB28A,TRUE,R7,M7,G8
252,252,PB30A,4,BDQ22,-,True_OF_PB30B,TRUE,L8,N7,L9
253,253,VSS,-,-,-,-,-,-,-,-
254,254,PB30B,4,BDQ22,-,Comp_OF_PB30A,TRUE,L9,P7,K9
255,255,-,-,-,-,-,-,-,-,-
256,256,-,-,-,-,-,-,-,-,-
257,257,PB32A,4,BDQ38,-,True_OF_PB32B,TRUE,P6,-,-
258,258,VCCAUXH4,4,-,-,-,-,-,-,-
259,259,PB32B,4,BDQ38,-,Comp_OF_PB32A,TRUE,P7,-,-
260,260,PB34A,4,BDQ38,-,True_OF_PB34B,TRUE,M9,-,-
261,261,VSS,-,-,-,-,-,-,-,-
262,262,-,-,-,-,-,-,-,-,-
263,263,-,-,-,-,-,-,-,-,-
264,264,PB34B,4,BDQ38,-,Comp_OF_PB34A,TRUE,M8,-,-
265,265,VSS,-,-,-,-,-,-,-,-
266,266,VCCIO4,4,-,-,-,-,-,-,-
267,267,PB36A,4,BDQ38,-,True_OF_PB36B,TRUE,N8,-,-
268,268,VSSIO4,-,-,-,-,-,-,-,-
269,269,VCC,-,-,-,-,-,-,-,-
270,270,PB36B,4,BDQ38,-,Comp_OF_PB36A,TRUE,N9,-,-
271,271,PB38A,4,BDQS38,-,True_OF_PB38B,TRUE,T7,-,-
272,272,-,-,-,-,-,-,-,-,-
273,273,-,-,-,-,-,-,-,-,-
274,274,VCC,-,-,-,-,-,-,-,-
275,275,-,-,-,-,-,-,-,-,-
276,276,PB40A,4,BDQ38,PCLKT4_1,True_OF_PB40B,TRUE,T9,-,-
277,277,PB38B,4,BDQSN38,-,Comp_OF_PB38A,TRUE,T8,-,-
278,278,VSS,-,-,-,-,-,-,-,-
279,279,-,-,-,-,-,-,-,-,-
280,280,-,-,-,-,-,-,-,-,-
281,281,-,-,-,-,-,-,-,-,-
282,282,PB40B,4,BDQ38,PCLKC4_1,Comp_OF_PB40A,TRUE,T10,-,-
283,283,PB42A,4,BDQ38,-,True_OF_PB42B,TRUE,R8,-,-
284,284,VCC,-,-,-,-,-,-,-,-
285,285,VSS,-,-,-,-,-,-,-,-
286,286,PB42B,4,BDQ38,-,Comp_OF_PB42A,TRUE,P8,-,-
287,287,VSSIO4,-,-,-,-,-,-,-,-
288,288,VCC,-,-,-,-,-,-,-,-
289,289,PB44A,4,BDQ38,PCLKT4_0,True_OF_PB44B,TRUE,R9,-,-
290,290,VCCIO4,4,-,-,-,-,-,-,-
291,291,-,-,-,-,-,-,-,-,-
292,292,-,-,-,-,-,-,-,-,-
293,293,PB44B,4,BDQ38,PCLKC4_0,Comp_OF_PB44A,TRUE,P9,-,-
294,294,PB46A,4,BDQ38,-,True_OF_PB46B,TRUE,M10,-,-
295,295,-,-,-,-,-,-,-,-,-
296,296,VSS,-,-,-,-,-,-,-,-
297,297,-,-,-,-,-,-,-,-,-
298,298,PB46B,4,BDQ38,VREF4_2,Comp_OF_PB46A,TRUE,N10,-,-
299,299,-,-,-,-,-,-,-,-,-
300,300,PB54A,3,BDQ60,PCLKT3_0/VREF3_1/ADC_CP5,True_OF_PB54B,TRUE,R11,P8,H7
301,301,-,-,-,-,-,-,-,-,-
302,302,-,-,-,-,-,-,-,-,-
303,303,VCCAUXH3,3,-,-,-,-,-,-,-
304,304,PB54B,3,BDQ60,PCLKC3_0/ADC_CN5,Comp_OF_PB54A,TRUE,P11,N8,G7
305,305,PB56A,3,BDQ60,ADC_CP7,True_OF_PB56B,TRUE,P10,K7,E6
306,306,-,-,-,-,-,-,-,-,-
307,307,VSS,-,-,-,-,-,-,-,-
308,308,-,-,-,-,-,-,-,-,-
309,309,-,-,-,-,-,-,-,-,-
310,310,PB56B,3,BDQ60,ADC_CN7,Comp_OF_PB56A,TRUE,R10,K8,E5
311,311,VCCIO3,3,-,-,-,-,-,-,-
312,312,PB58A,3,BDQ60,PCLKT3_1/ADC_CP6,True_OF_PB58B,TRUE,T12,P9,F6
313,313,-,-,-,-,-,-,-,-,-
314,314,VSS,-,-,-,-,-,-,-,-
315,315,VSSIO3,-,-,-,-,-,-,-,-
316,316,PB58B,3,BDQ60,PCLKC3_1/ADC_CN6,Comp_OF_PB58A,TRUE,T11,N9,F5
317,317,PB60A,3,BDQS60,ADC_CP9,True_OF_PB60B,TRUE,R12,P10,L5
318,318,-,-,-,-,-,-,-,-,-
319,319,VCC,-,-,-,-,-,-,-,-
320,320,VCC,-,-,-,-,-,-,-,-
321,321,-,-,-,-,-,-,-,-,-
322,322,-,-,-,-,-,-,-,-,-
323,323,PB62A,3,BDQ60,ADC_CP10,True_OF_PB62B,TRUE,R13,L8,G5
324,324,PB60B,3,BDQSN60,ADC_CN9,Comp_OF_PB60A,TRUE,T13,N10,L6
325,325,-,-,-,-,-,-,-,-,-
326,326,VSS,-,-,-,-,-,-,-,-
327,327,-,-,-,-,-,-,-,-,-
328,328,-,-,-,-,-,-,-,-,-
329,329,PB62B,3,BDQ60,ADC_CN10,Comp_OF_PB62A,TRUE,R14,M8,H5
330,330,PB64A,3,BDQ60,ADC_CP4,True_OF_PB64B,TRUE,N12,M9,K5
331,331,VCC,-,-,-,-,-,-,-,-
332,332,VSS,-,-,-,-,-,-,-,-
333,333,-,-,-,-,-,-,-,-,-
334,334,PB64B,3,BDQ60,ADC_CN4,Comp_OF_PB64A,TRUE,N11,L9,K6
335,335,VSSIO3,-,-,-,-,-,-,-,-
336,336,-,-,-,-,-,-,-,-,-
337,337,VCCECLK,-,-,-,-,-,-,-,-
338,338,PB66A,3,BDQ60,COMP1IP,True_OF_PB66B,TRUE,T14,K9,K7
339,339,-,-,-,-,-,-,-,-,-
340,340,VCCIO3,3,-,-,-,-,-,-,-
341,341,-,-,-,-,-,-,-,-,-
342,342,PB66B,3,BDQ60,COMP1IN,Comp_OF_PB66A,TRUE,T15,K10,L7
343,343,PB68A,3,BDQ60,ADC_CP8,True_OF_PB68B,TRUE,R16,M11,J5
344,344,-,-,-,-,-,-,-,-,-
345,345,VSS,-,-,-,-,-,-,-,-
346,346,PB68B,3,BDQ60,ADC_CN8,Comp_OF_PB68A,TRUE,R15,L12,K4
347,347,-,-,-,-,-,-,-,-,-
348,348,-,-,-,-,-,-,-,-,-
349,349,PB70A,3,BDQ76,COMP2IP,True_OF_PB70B,TRUE,P14,K11,G4
350,350,VCCAUXH3,3,-,-,-,-,-,-,-
351,351,PB70B,3,BDQ76,COMP2IN,Comp_OF_PB70A,TRUE,N13,K12,G3
352,352,PB72A,3,BDQ76,PCLKT3_2/ADC_CP13,True_OF_PB72B,TRUE,P15,P11,H4
353,353,-,-,-,-,-,-,-,-,-
354,354,VSS,-,-,-,-,-,-,-,-
355,355,-,-,-,-,-,-,-,-,-
356,356,-,-,-,-,-,-,-,-,-
357,357,-,-,-,-,-,-,-,-,-
358,358,PB72B,3,BDQ76,PCLKC3_2/ADC_CN13,Comp_OF_PB72A,TRUE,P16,N11,J4
359,359,VCCIO3,3,-,-,-,-,-,-,-
360,360,PB74A,3,BDQ76,PCLKT3_3/ADC_CP14,True_OF_PB74B,TRUE,M14,P12,J1
361,361,VCC,-,-,-,-,-,-,-,-
362,362,VSSIO3,-,-,-,-,-,-,-,-
363,363,PB74B,3,BDQ76,PCLKC3_3/ADC_CN14,Comp_OF_PB74A,TRUE,N14,P13,J2
364,364,PB76A,3,BDQS76,COMP3IP,True_OF_PB76B,TRUE,N16,N13,L4
365,365,VSS,-,-,-,-,-,-,-,-
366,366,VCC,-,-,-,-,-,-,-,-
367,367,-,-,-,-,-,-,-,-,-
368,368,-,-,-,-,-,-,-,-,-
369,369,PB78A,3,BDQ76,ADC_CP11,True_OF_PB78B,TRUE,M12,M14,H1
370,370,PB76B,3,BDQSN76,COMP3IN,Comp_OF_PB76A,TRUE,N15,N14,L3
371,371,VSS,-,-,-,-,-,-,-,-
372,372,-,-,-,-,-,-,-,-,-
373,373,-,-,-,-,-,-,-,-,-
374,374,-,-,-,-,-,-,-,-,-
375,375,PB78B,3,BDQ76,ADC_CN11,Comp_OF_PB78A,TRUE,M11,M13,H2
376,376,PB80A,3,BDQ76,ADC_CP12,True_OF_PB80B,TRUE,L11,L13,K2
377,377,VCC,-,-,-,-,-,-,-,-
378,378,VCC,-,-,-,-,-,-,-,-
379,379,-,-,-,-,-,-,-,-,-
380,380,PB80B,3,BDQ76,ADC_CN12,Comp_OF_PB80A,TRUE,L10,L14,K1
381,381,VSSIO3,-,-,-,-,-,-,-,-
382,382,-,-,-,-,-,-,-,-,-
383,383,PB82A,3,BDQ76,ADC_CP15,True_OF_PB82B,TRUE,M13,K13,G2
384,384,VSS,-,-,-,-,-,-,-,-
385,385,-,-,-,-,-,-,-,-,-
386,386,-,-,-,-,-,-,-,-,-
387,387,VCCIO3,3,-,-,-,-,-,-,-
388,388,-,-,-,-,-,-,-,-,-
389,389,-,-,-,-,-,-,-,-,-
390,390,PB82B,3,BDQ76,ADC_CN15,Comp_OF_PB82A,TRUE,L12,K14,G1
391,391,PB84A,3,BDQ76,LRC_GPLL0T_IN,True_OF_PB84B,TRUE,M16,J14,L2
392,392,-,-,-,-,-,-,-,-,-
393,393,VSS,-,-,-,-,-,-,-,-
394,394,-,-,-,-,-,-,-,-,-
395,395,PB84B,3,BDQ76,LRC_GPLL0C_IN/VREF3_2,Comp_OF_PB84A,TRUE,M15,J13,L1
396,396,-,-,-,-,-,-,-,-,-
397,397,-,-,-,-,-,-,-,-,-
398,398,VCCECLK,-,-,-,-,-,-,-,-
399,399,VCCECLK,-,-,-,-,-,-,-,-
400,400,VCC,-,-,-,-,-,-,-,-
401,401,VCCADC,-,-,-,-,-,-,-,-
402,402,-,-,-,-,-,-,-,-,-
403,403,-,-,-,-,-,-,-,-,-
404,404,-,-,-,-,-,-,-,-,-
405,405,-,-,-,-,-,-,-,-,-
406,406,ADC_REFP1,70,-,-,-,FALSE,L16,H10,-
407,407,ADC_DP1,70,-,-,True_OF_ADC_DN1,FALSE,K15,H13,-
408,408,ADC_DN1,70,-,-,Comp_OF_ADC_DP1,FALSE,K16,H14,-
409,409,-,-,-,-,-,-,-,-,-
410,410,-,-,-,-,-,-,-,-,-
411,411,VCCPLL_LRC,-,-,-,-,-,-,-,-
412,412,VSS,-,-,-,-,-,-,-,-
413,413,-,-,-,-,-,-,-,-,-
414,414,VSSADC,70,-,-,-,-,-,-,-
415,415,VCCADC18,70,-,-,-,-,-,-,-
416,416,-,-,-,-,-,-,-,-,-
417,417,ADC_DN0,70,-,-,Comp_OF_ADC_DP0,FALSE,K13,H11,-
418,418,ADC_REFP0,70,-,-,-,FALSE,L15,J10,-
419,419,ADC_DP0,70,-,-,True_OF_ADC_DN0,FALSE,K14,H12,-
420,420,-,-,-,-,-,-,-,-,-
421,421,-,-,-,-,-,-,-,-,-
422,422,-,-,-,-,-,-,-,-,-
423,423,-,-,-,-,-,-,-,-,-
424,424,VCCAUX,-,-,-,-,-,-,-,-
425,425,-,-,-,-,-,-,-,-,-
426,426,-,-,-,-,-,-,-,-,-
427,427,PR49A,2,-,EIO,True_OF_PR49B,FALSE,C4,-,-
428,428,PR49B,2,-,EIO,Comp_OF_PR49A,FALSE,C5,-,-
429,429,VSS,-,-,-,-,-,-,-,-
430,430,PR47A,2,-,EIO,True_OF_PR47B,FALSE,A4,-,-
431,431,PR47B,2,-,EIO,Comp_OF_PR47A,FALSE,B4,-,-
432,432,VCCIO2,2,-,-,-,-,-,-,-
433,433,-,-,-,-,-,-,-,-,-
434,434,-,-,-,-,-,-,-,-,-
435,435,VSSIO2,-,-,-,-,-,-,-,-
436,436,PR46A,2,-,EIO,True_OF_PR46B,FALSE,B5,-,-
437,437,PR46B,2,-,EIO,Comp_OF_PR46A,FALSE,A5,-,-
438,438,VCC,-,-,-,-,-,-,-,-
439,439,VCC,-,-,-,-,-,-,-,-
440,440,PR44A,2,-,EIO,True_OF_PR44B,FALSE,A6,-,-
441,441,PR44B,2,-,EIO,Comp_OF_PR44A,FALSE,B6,-,-
442,442,VSS,-,-,-,-,-,-,-,-
443,443,VSS,-,-,-,-,-,-,-,-
444,444,-,-,-,-,-,-,-,-,-
445,445,VCC,-,-,-,-,-,-,-,-
446,446,PR42A,2,-,EIO,True_OF_PR42B,FALSE,B7,F11,-
447,447,PR42B,2,-,EIO,Comp_OF_PR42A,FALSE,A7,G12,-
448,448,-,-,-,-,-,-,-,-,-
449,449,VSS,-,-,-,-,-,-,-,-
450,450,PR40A,2,-,EIO,True_OF_PR40B,FALSE,C8,G10,-
451,451,PR40B,2,-,EIO,Comp_OF_PR40A,FALSE,C7,F10,-
452,452,-,-,-,-,-,-,-,-,-
453,453,VSSIO2,-,-,-,-,-,-,-,-
454,454,-,-,-,-,-,-,-,-,-
455,455,VCCIO2,2,-,-,-,-,-,-,-
456,456,VCC,-,-,-,-,-,-,-,-
457,457,PR38A,2,-,EIO,True_OF_PR38B,FALSE,K11,G14,-
458,458,PR38B,2,-,EIO,Comp_OF_PR38A,FALSE,K12,G13,-
459,459,VSS,-,-,-,-,-,-,-,-
460,460,VSS,-,-,-,-,-,-,-,-
461,461,PR36A,2,-,EIO,True_OF_PR36B,FALSE,J11,E13,-
462,462,PR36B,2,-,EIO,Comp_OF_PR36A,FALSE,J12,E14,-
463,463,VCCAUX,-,-,-,-,-,-,-,-
464,464,-,-,-,-,-,-,-,-,-
465,465,VSS,-,-,-,-,-,-,-,-
466,466,-,-,-,-,-,-,-,-,-
467,467,PR34A,2,-,PCLKT2_2/EIO,True_OF_PR34B,FALSE,J16,F13,-
468,468,PR34B,2,-,EIO,Comp_OF_PR34A,FALSE,J15,F14,-
469,469,-,-,-,-,-,-,-,-,-
470,470,VCCIO2,2,-,-,-,-,-,-,-
471,471,-,-,-,-,-,-,-,-,-
472,472,-,-,-,-,-,-,-,-,-
473,473,VSSIO2,-,-,-,-,-,-,-,-
474,474,PR32A,2,-,PCLKT2_1/EIO,True_OF_PR32B,FALSE,H13,D11,-
475,475,PR32B,2,-,EIO,Comp_OF_PR32A,FALSE,H12,E11,-
476,476,-,-,-,-,-,-,-,-,-
477,477,VCC,-,-,-,-,-,-,-,-
478,478,VCC,-,-,-,-,-,-,-,-
479,479,VSS,-,-,-,-,-,-,-,-
480,480,PR30A,2,-,PCLKT2_0/EIO,True_OF_PR30B,FALSE,H11,E9,-
481,481,PR30B,2,-,EIO,Comp_OF_PR30A,FALSE,H10,E10,-
482,482,-,-,-,-,-,-,-,-,-
483,483,VSS,-,-,-,-,-,-,-,-
484,484,VCC,-,-,-,-,-,-,-,-
485,485,-,-,-,-,-,-,-,-,-
486,486,PR27A,2,-,EIO,True_OF_PR27B,FALSE,H15,D12,-
487,487,PR27B,2,-,EIO,Comp_OF_PR27A,FALSE,H14,E12,-
488,488,-,-,-,-,-,-,-,-,-
489,489,VSS,-,-,-,-,-,-,-,-
490,490,-,-,-,-,-,-,-,-,-
491,491,PR26A,2,-,EIO,True_OF_PR26B,FALSE,H16,C11,-
492,492,PR26B,2,-,EIO,Comp_OF_PR26A,FALSE,B2,B10,-
493,493,VSSIO2,-,-,-,-,-,-,-,-
494,494,VCCIO2,2,-,-,-,-,-,-,-
495,495,PR24A,2,-,EIO,True_OF_PR24B,FALSE,B3,D14,-
496,496,PR24B,2,-,EIO,Comp_OF_PR24A,FALSE,A2,C14,-
497,497,-,-,-,-,-,-,-,-,-
498,498,-,-,-,-,-,-,-,-,-
499,499,VSS,-,-,-,-,-,-,-,-
500,500,PR20A,1,-,PCLKT1_0/EIO,True_OF_PR20B,FALSE,G15,B13,F1
501,501,PR20B,1,-,EIO,Comp_OF_PR20A,FALSE,A3,B14,-
502,502,VCCAUX,-,-,-,-,-,-,-,-
503,503,VSS,-,-,-,-,-,-,-,-
504,504,-,-,-,-,-,-,-,-,-
505,505,-,-,-,-,-,-,-,-,-
506,506,PR19A,1,-,PCLKT1_1,True_OF_PR19B,FALSE,F16,B12,E3
507,507,PR19B,1,-,-,Comp_OF_PR19A,FALSE,G16,-,-
508,508,VCCIO1,1,-,-,-,-,-,-,-
509,509,-,-,-,-,-,-,-,-,-
510,510,-,-,-,-,-,-,-,-,-
511,511,VSSIO1,-,-,-,-,-,-,-,-
512,512,-,-,-,-,-,-,-,-,-
513,513,-,-,-,-,-,-,-,-,-
514,514,PR17A,1,-,PCLKT1_2,True_OF_PR17B,FALSE,G13,A10,E1
515,515,PR17B,1,-,-,Comp_OF_PR17A,FALSE,G14,-,-
516,516,VCC,-,-,-,-,-,-,-,-
517,517,VCC,-,-,-,-,-,-,-,-
518,518,-,-,-,-,-,-,-,-,-
519,519,-,-,-,-,-,-,-,-,-
520,520,PR15A,1,-,-,True_OF_PR15B,FALSE,G11,-,E2
521,521,PR15B,1,-,-,Comp_OF_PR15A,FALSE,G12,-,-
522,522,VSS,-,-,-,-,-,-,-,-
523,523,VSS,-,-,-,-,-,-,-,-
524,524,-,-,-,-,-,-,-,-,-
525,525,-,-,-,-,-,-,-,-,-
526,526,PR13A,1,-,TCK/SCLK,True_OF_PR13B,FALSE,F14,A11,C1
527,527,PR13B,1,-,-,Comp_OF_PR13A,FALSE,F15,A12,D1
528,528,VCC,-,-,-,-,-,-,-,-
529,529,-,-,-,-,-,-,-,-,-
530,530,-,-,-,-,-,-,-,-,-
531,531,VSS,-,-,-,-,-,-,-,-
532,532,PR11A,1,-,SD3/SDA/USER_SDA,True_OF_PR11B,FALSE,G9,D13,B2
533,533,PR11B,1,-,SD2/SCL/USER_SCL,Comp_OF_PR11A,FALSE,G10,C13,C2
534,534,-,-,-,-,-,-,-,-,-
535,535,-,-,-,-,-,-,-,-,-
536,536,-,-,-,-,-,-,-,-,-
537,537,VSSIO1,-,-,-,-,-,-,-,-
538,538,VCC,-,-,-,-,-,-,-,-
539,539,VCCIO1,1,-,-,-,-,-,-,-
540,540,-,-,-,-,-,-,-,-,-
541,541,-,-,-,-,-,-,-,-,-
542,542,PR10A,1,-,EIO,True_OF_PR10B,FALSE,E13,C10,-
543,543,PR10B,1,-,TDO/SSO,Comp_OF_PR10A,FALSE,E14,D10,A2
544,544,VSS,-,-,-,-,-,-,-,-
545,545,VSS,-,-,-,-,-,-,-,-
546,546,-,-,-,-,-,-,-,-,-
547,547,PR8A,1,-,EIO,True_OF_PR8B,FALSE,F10,C9,-
548,548,PR8B,1,-,TDI/SSI,Comp_OF_PR8A,FALSE,F11,D9,A3
549,549,-,-,-,-,-,-,-,-,-
550,550,VCCAUX,-,-,-,-,-,-,-,-
551,551,-,-,-,-,-,-,-,-,-
552,552,VCCAUXA,-,-,-,-,-,-,-,-
553,553,-,-,-,-,-,-,-,-,-
554,554,-,-,-,-,-,-,-,-,-
555,555,VSS,-,-,-,-,-,-,-,-
556,556,PR6A,1,-,EIO,True_OF_PR6B,FALSE,E12,D8,-
557,557,PR6B,1,-,TMS/SCSN,Comp_OF_PR6A,FALSE,E11,E8,B1
558,558,-,-,-,-,-,-,-,-,-
559,559,VCCIO1,1,-,-,-,-,-,-,-
560,560,UC_PVT33_PC_DEL_N33,-,-,-,-,-,-,-,-
561,561,PR4A,1,-,EIO,True_OF_PR4B,FALSE,E9,A9,-
562,562,PR4B,1,-,-,Comp_OF_PR4A,FALSE,E10,B9,-
563,563,UC_IOS33_CALEN,-,-,-,-,-,-,-,-
564,564,UC_IOS33_FST_WK,-,-,-,-,-,-,-,-
565,565,-,-,-,-,-,-,-,-,-
566,566,UC_IOS33_CAL_DONE,-,-,-,-,-,-,-,-
567,567,UC_IOS33_WRT_NPLS,-,-,-,-,-,-,-,-
568,568,VSSIO1,-,-,-,-,-,-,-,-
569,569,VCC,-,-,-,-,-,-,-,-
570,570,-,-,-,-,-,-,-,-,-
571,571,JTAG_EN,1,-,-,-,FALSE,D10,A13,A1
572,572,PR3B,1,-,EIO,-,FALSE,F9,C8,-
573,573,VSS,-,-,-,-,-,-,-,-
574,574,-,-,-,-,-,-,-,-,-
575,575,-,-,-,-,-,-,-,-,-
576,576,UC_SGIO_BANK_PCAS,-,-,-,-,-,-,-,-
577,577,UC_SGAU_BANK_NCAS,-,-,-,-,-,-,-,-
578,578,-,-,-,-,-,-,-,-,-
579,579,-,-,-,-,-,-,-,-,-
580,580,VCC,-,-,-,-,-,-,-,-
581,581,VCC,-,-,-,-,-,-,-,-
582,582,VSS,-,-,-,-,-,-,-,-
583,583,VCC,-,-,-,-,-,-,-,-
584,584,VSS,-,-,-,-,-,-,-,-
585,585,VCCIO0,0,-,-,-,-,-,-,-
586,586,PT84B,0,-,-,Comp_OF_PT84A,FALSE,E16,A8,C3
587,587,VSSIO0,-,-,-,-,-,-,-,-
588,588,UC_EF_PWOK,-,-,-,-,-,-,-,-
589,589,PT84A,0,-,-,True_OF_PT84B,FALSE,E15,B8,B3
590,590,PT82B,0,-,MCSNO/MSDO,Comp_OF_PT82A,FALSE,C13,A7,D8
591,591,VCC,-,-,-,-,-,-,-,-
592,592,-,-,-,-,-,-,-,-,-
593,593,-,-,-,-,-,-,-,-,-
594,594,PT82A,0,-,MD3,True_OF_PT82B,FALSE,D12,B7,C9
595,595,UC_CFG_RESET_N,-,-,-,-,-,-,-,-
596,596,VSS,-,-,-,-,-,-,-,-
597,597,PT80B,0,-,MD2,Comp_OF_PT80A,FALSE,D15,A6,C5
598,598,-,-,-,-,-,-,-,-,-
599,599,-,-,-,-,-,-,-,-,-
600,600,-,-,-,-,-,-,-,-,-
601,601,-,-,-,-,-,-,-,-,-
602,602,PT80A,0,-,MISO/MD1,True_OF_PT80B,FALSE,D16,A5,D5
603,603,VCC,-,-,-,-,-,-,-,-
604,604,PT78B,0,-,MOSI/MD0,Comp_OF_PT78A,FALSE,C14,A4,D6
605,605,-,-,-,-,-,-,-,-,-
606,606,-,-,-,-,-,-,-,-,-
607,607,-,-,-,-,-,-,-,-,-
608,608,-,-,-,-,-,-,-,-,-
609,609,-,-,-,-,-,-,-,-,-
610,610,-,-,-,-,-,-,-,-,-
611,611,-,-,-,-,-,-,-,-,-
612,612,-,-,-,-,-,-,-,-,-
613,613,PT78A,0,-,MCSN/PCLKT0_1,True_OF_PT78B,FALSE,C15,B4,D7
614,614,VSSIO0,-,-,-,-,-,-,-,-
615,615,VCC,-,-,-,-,-,-,-,-
616,616,VCCIO0,0,-,-,-,-,-,-,-
617,617,PT76B,0,-,DONE,Comp_OF_PT76A,FALSE,B16,A3,D10
618,618,VSS,-,-,-,-,-,-,-,-
619,619,-,-,-,-,-,-,-,-,-
620,620,-,-,-,-,-,-,-,-,-
621,621,PT76A,0,-,MCLK/PCLKT0_0,True_OF_PT76B,FALSE,C16,B3,D11
622,622,-,-,-,-,-,-,-,-,-
623,623,-,-,-,-,-,-,-,-,-
624,624,VSS,-,-,-,-,-,-,-,-
625,625,PT74B,0,-,PROGRAMN,Comp_OF_PT74A,FALSE,C12,A2,C4
626,626,-,-,-,-,-,-,-,-,-
627,627,-,-,-,-,-,-,-,-,-
628,628,-,-,-,-,-,-,-,-,-
629,629,-,-,-,-,-,-,-,-,-
630,630,VCCAUX,-,-,-,-,-,-,-,-
631,631,PT74A,0,-,INITN,True_OF_PT74B,FALSE,D11,B2,B4
632,632,VCC,-,-,-,-,-,-,-,-
633,633,VSS,-,-,-,-,-,-,-,-
634,634,VCCSD0,80,-,-,-,-,-,-,-
635,635,-,-,-,-,-,-,-,-,-
636,636,VSSSD0,-,-,-,-,-,-,-,-
637,637,-,-,-,-,-,-,-,-,-
638,638,SD0_REXT,80,-,-,-,FALSE,C11,-,C8
639,639,VCCSD0,80,-,-,-,-,-,-,-
640,640,-,-,-,-,-,-,-,-,-
641,641,SD0_RXDP,80,-,-,True_OF_SD0_RXDN,FALSE,A15,-,A5
642,642,-,-,-,-,-,-,-,-,-
643,643,VCCPLLSD0,80,-,-,-,-,-,-,-
644,644,VSSSD0,-,-,-,-,-,-,-,-
645,645,-,-,-,-,-,-,-,-,-
646,646,SD0_RXDN,80,-,-,Comp_OF_SD0_RXDP,FALSE,A14,-,A6
647,647,VCCSD0,80,-,-,-,-,-,-,-
648,648,-,-,-,-,-,-,-,-,-
649,649,-,-,-,-,-,-,-,-,-
650,650,VCCPLLSD0,80,-,-,-,-,-,-,-
651,651,VSSSD0,-,-,-,-,-,-,-,-
652,652,VCCSD0,80,-,-,-,-,-,-,-
653,653,-,-,-,-,-,-,-,-,-
654,654,-,-,-,-,-,-,-,-,-
655,655,SD0_REFRET,80,-,-,-,FALSE,B12,-,B8
656,656,SD0_TXDP,80,-,-,True_OF_SD0_TXDN,FALSE,A12,-,A8
657,657,VSSSD0,-,-,-,-,-,-,-,-
658,658,-,-,-,-,-,-,-,-,-
659,659,SD0_TXDN,80,-,-,Comp_OF_SD0_TXDP,FALSE,A11,-,A9
660,660,-,-,-,-,-,-,-,-,-
661,661,VCCSD0,80,-,-,-,-,-,-,-
662,662,-,-,-,-,-,-,-,-,-
663,663,VSSSD0,-,-,-,-,-,-,-,-
664,664,-,-,-,-,-,-,-,-,-
665,665,-,-,-,-,-,-,-,-,-
666,666,VSSSD0,-,-,-,-,-,-,-,-
667,667,-,-,-,-,-,-,-,-,-
668,668,SD0_REFCLKP,80,-,-,True_OF_SD0_REFCLKN,FALSE,-,-,-
669,669,SD0_REFCLKN,80,-,-,Comp_OF_SD0_REFCLKP,FALSE,-,-,-
670,670,VSS,-,-,-,-,-,-,-,-
671,671,VCCAUXSD0,80,-,-,-,-,-,-,-
672,672,-,-,-,-,-,-,-,-,-
673,673,VCC,-,-,-,-,-,-,-,-
674,674,VCC,-,-,-,-,-,-,-,-
675,675,VSS,-,-,-,-,-,-,-,-
676,676,-,-,-,-,-,-,-,-,-
677,677,-,-,-,-,-,-,-,-,-
678,678,-,-,-,-,-,-,-,-,-
679,679,-,-,-,-,-,-,-,-,-
680,680,-,-,-,-,-,-,-,-,-
681,681,-,-,-,-,-,-,-,-,-
682,682,-,-,-,-,-,-,-,-,-
683,683,-,-,-,-,-,-,-,-,-
684,684,-,-,-,-,-,-,-,-,-
685,685,-,-,-,-,-,-,-,-,-
686,686,-,-,-,-,-,-,-,-,-
687,687,-,-,-,-,-,-,-,-,-
688,688,-,-,-,-,-,-,-,-,-
689,689,-,-,-,-,-,-,-,-,-
690,690,-,-,-,-,-,-,-,-,-
691,691,-,-,-,-,-,-,-,-,-
692,692,-,-,-,-,-,-,-,-,-
693,693,-,-,-,-,-,-,-,-,-
694,694,-,-,-,-,-,-,-,-,-
695,695,-,-,-,-,-,-,-,-,-
696,696,-,-,-,-,-,-,-,-,-
697,697,-,-,-,-,-,-,-,-,-
698,698,-,-,-,-,-,-,-,-,-
699,699,-,-,-,-,-,-,-,-,-
700,700,-,-,-,-,-,-,-,-,-
701,701,-,-,-,-,-,-,-,-,-
702,702,-,-,-,-,-,-,-,-,-
703,703,-,-,-,-,-,-,-,-,-
704,704,-,-,-,-,-,-,-,-,-
705,705,-,-,-,-,-,-,-,-,-
706,706,-,-,-,-,-,-,-,-,-
707,707,-,-,-,-,-,-,-,-,-
708,708,-,-,-,-,-,-,-,-,-
709,709,-,-,-,-,-,-,-,-,-
710,710,VSS,-,-,-,-,-,-,-,-
711,711,-,-,-,-,-,-,-,-,-
712,712,-,-,-,-,-,-,-,-,-
713,713,-,-,-,-,-,-,-,-,-
714,714,-,-,-,-,-,-,-,-,-
715,715,-,-,-,-,-,-,-,-,-
716,716,-,-,-,-,-,-,-,-,-
717,717,-,-,-,-,-,-,-,-,-
718,718,VCC,-,-,-,-,-,-,-,-
719,719,VCC,-,-,-,-,-,-,-,-
720,720,VSS,-,-,-,-,-,-,-,-
721,721,-,-,-,-,-,-,-,-,-
722,722,-,-,-,-,-,-,-,-,-
723,723,-,-,-,-,-,-,-,-,-
724,724,-,-,-,-,-,-,-,-,-
725,725,-,-,-,-,-,-,-,-,-
726,726,-,-,-,-,-,-,-,-,-
727,727,-,-,-,-,-,-,-,-,-
728,728,-,-,-,-,-,-,-,-,-
729,729,-,-,-,-,-,-,-,-,-
730,730,-,-,-,-,-,-,-,-,-
731,731,-,-,-,-,-,-,-,-,-
732,732,-,-,-,-,-,-,-,-,-
733,733,-,-,-,-,-,-,-,-,-
734,734,-,-,-,-,-,-,-,-,-
735,735,-,-,-,-,-,-,-,-,-
736,736,-,-,-,-,-,-,-,-,-
737,737,-,-,-,-,-,-,-,-,-
738,738,-,-,-,-,-,-,-,-,-
739,739,-,-,-,-,-,-,-,-,-
740,740,-,-,-,-,-,-,-,-,-
741,741,-,-,-,-,-,-,-,-,-
742,742,-,-,-,-,-,-,-,-,-
743,743,-,-,-,-,-,-,-,-,-
744,744,-,-,-,-,-,-,-,-,-
745,745,VSS,-,-,-,-,-,-,-,-
746,746,-,-,-,-,-,-,-,-,-
747,747,-,-,-,-,-,-,-,-,-
748,748,-,-,-,-,-,-,-,-,-
749,749,-,-,-,-,-,-,-,-,-
750,750,-,-,-,-,-,-,-,-,-
751,751,-,-,-,-,-,-,-,-,-
752,752,-,-,-,-,-,-,-,-,-
753,753,VCC,-,-,-,-,-,-,-,-
754,754,-,-,-,-,-,-,-,-,-
755,755,-,-,-,-,-,-,-,-,-
756,756,-,-,-,-,-,-,-,-,-
757,757,-,-,-,-,-,-,-,-,-
758,758,-,-,-,-,-,-,-,-,-
759,759,-,-,-,-,-,-,-,-,-
760,760,-,-,-,-,-,-,-,-,-
761,761,-,-,-,-,-,-,-,-,-
762,762,-,-,-,-,-,-,-,-,-
763,763,-,-,-,-,-,-,-,-,-
764,764,VCC,-,-,-,-,-,-,-,-
765,765,VSS,-,-,-,-,-,-,-,-
766,0,NC,-,-,-,-,-,-,-,-
767,0,VSS,-,-,-,-,-,T16,A14,C11
768,0,VSS,-,-,-,-,-,D14,P14,E9
769,0,VSS,-,-,-,-,-,J14,F12,H9
770,0,VSS,-,-,-,-,-,P13,M12,C7
771,0,VSS,-,-,-,-,-,F12,B11,H6
772,0,VSS,-,-,-,-,-,C10,L10,F4
773,0,VSS,-,-,-,-,-,C9,F8,D3
774,0,VSS,-,-,-,-,-,H9,G8,J3
775,0,VSS,-,-,-,-,-,J9,H8,F2
776,0,VSS,-,-,-,-,-,A8,J8,-
777,0,VSS,-,-,-,-,-,B8,B6,-
778,0,VSS,-,-,-,-,-,D8,M5,-
779,0,VSS,-,-,-,-,-,E8,D4,-
780,0,VSS,-,-,-,-,-,G8,G3,-
781,0,VSS,-,-,-,-,-,H8,N2,-
782,0,VSS,-,-,-,-,-,J8,A1,-
783,0,VSS,-,-,-,-,-,E7,P1,-
784,0,VSS,-,-,-,-,-,J7,-,-
785,0,VSS,-,-,-,-,-,N7,-,-
786,0,VSS,-,-,-,-,-,C6,-,-
787,0,VSS,-,-,-,-,-,G5,-,-
788,0,VSS,-,-,-,-,-,M5,-,-
789,0,VSS,-,-,-,-,-,C3,-,-
790,0,VSS,-,-,-,-,-,F3,-,-
791,0,VSS,-,-,-,-,-,J3,-,-
792,0,VSS,-,-,-,-,-,A1,-,-
793,0,VSS,-,-,-,-,-,T1,-,-
794,0,VSS,-,-,-,-,-,-,-,-
795,0,VSS,-,-,-,-,-,-,-,-
796,0,VSS,-,-,-,-,-,-,-,-
797,0,VSS,-,-,-,-,-,-,-,-
798,0,VSS,-,-,-,-,-,-,-,-
799,0,VSS,-,-,-,-,-,-,-,-
800,0,VSS,-,-,-,-,-,-,-,-
801,0,VSS,-,-,-,-,-,-,-,-
802,0,VSS,-,-,-,-,-,-,-,-
803,0,VSS,-,-,-,-,-,-,-,-
804,0,VCC,-,-,-,-,-,J10,F9,C10
805,0,VCC,-,-,-,-,-,D9,H9,E4
806,0,VCC,-,-,-,-,-,D7,J9,-
807,0,VCC,-,-,-,-,-,H7,G7,-
808,0,VCC,-,-,-,-,-,-,-,-
809,0,VCC,-,-,-,-,-,-,-,-
810,0,VCCECLK,-,-,-,-,-,K9,J7,G6
811,0,VCCECLK,-,-,-,-,-,-,-,-
812,0,VCCAUX,-,-,-,-,-,F8,G9,F3
813,0,VCCAUX,-,-,-,-,-,G7,H7,-
814,0,VCCAUXA,-,-,-,-,-,F7,F7,C6
815,0,VCCAUX,-,-,-,-,-,-,-,-
816,0,VCCAUXH3,-,-,-,-,-,K10,L11,H3
817,0,VCCAUXH4,-,-,-,-,-,K8,M6,H8
818,0,VCCAUXH5,-,-,-,-,-,M6,M3,D9
819,0,VCCIO0,0,-,-,-,-,D13,C7,D4
820,0,VCCIO0,0,-,-,-,-,-,-,-
821,0,VCCIO1,1,-,-,-,-,F13,C12,D2
822,0,VCCIO1,1,-,-,-,-,-,-,-
823,0,VCCIO1,1,-,-,-,-,-,-,-
824,0,VCCIO2,2,-,-,-,-,J13,G11,-
825,0,VCCIO2,2,-,-,-,-,-,-,-
826,0,VCCIO2,2,-,-,-,-,-,-,-
827,0,VCCIO3,3,-,-,-,-,P12,N12,K3
828,0,VCCIO3,3,-,-,-,-,-,M10,J6
829,0,VCCIO3,3,-,-,-,-,-,-,-
830,0,VCCIO4,4,-,-,-,-,N6,L5,J9
831,0,VCCIO4,4,-,-,-,-,-,-,-
832,0,VCCIO4,4,-,-,-,-,-,-,-
833,0,VCCIO5,5,-,-,-,-,N5,N3,E8
834,0,VCCIO5,5,-,-,-,-,-,-,-
835,0,VCCIO5,5,-,-,-,-,-,-,-
836,0,VCCIO6,6,-,-,-,-,J4,G4,-
837,0,VCCIO6,6,-,-,-,-,-,-,-
838,0,VCCIO6,6,-,-,-,-,-,-,-
839,0,VCCIO7,7,-,-,-,-,F5,E4,-
840,0,VCCIO7,7,-,-,-,-,-,-,-
841,0,VCCIO7,7,-,-,-,-,-,-,-
842,0,VSSADPHY,-,-,-,-,-,-,-,-
843,0,VSSADPHY,-,-,-,-,-,-,-,-
844,0,VSSADPHY,-,-,-,-,-,-,-,-
845,0,VSSADPHY,-,-,-,-,-,-,-,-
846,0,VSSADPHY,-,-,-,-,-,-,-,-
847,0,VSSADPHY,-,-,-,-,-,-,-,-
848,0,VSSADPHY,-,-,-,-,-,-,-,-
849,0,VSSADPHY,-,-,-,-,-,-,-,-
850,0,VSSADPHY,-,-,-,-,-,-,-,-
851,0,VSSADPHY,-,-,-,-,-,-,-,-
852,0,VSSADPHY,-,-,-,-,-,-,-,-
853,0,VSSADPHY,-,-,-,-,-,-,-,-
854,0,VSSADPHY,-,-,-,-,-,-,-,-
855,0,VSSADPHY,-,-,-,-,-,-,-,-
856,0,VCCADPHY1,61,-,-,-,-,-,-,-
857,0,VCCDPHY1,61,-,-,-,-,-,-,-
858,0,VCCPLLDPHY1,61,-,-,-,-,-,-,-
859,0,VCCADPHY0,60,-,-,-,-,-,-,-
860,0,VCCDPHY0,60,-,-,-,-,-,-,-
861,0,VCCPLLDPHY0,60,-,-,-,-,-,-,-
862,0,VSSSD,-,-,-,-,-,A16,-,A10
863,0,VSSSD,-,-,-,-,-,B14,-,B10
864,0,VSSSD,-,-,-,-,-,A13,-,A7
865,0,VSSSD,-,-,-,-,-,A10,-,B6
866,0,VSSSD,-,-,-,-,-,B10,-,A4
867,0,VSSSD,-,-,-,-,-,-,-,-
868,0,VSSSD,-,-,-,-,-,-,-,-
869,0,VSSSD,-,-,-,-,-,-,-,-
870,0,VSSSD,-,-,-,-,-,-,-,-
871,0,VSSSD,-,-,-,-,-,-,-,-
872,0,VSSSD,-,-,-,-,-,-,-,-
873,0,VSSSD,-,-,-,-,-,-,-,-
874,0,VSSSD,-,-,-,-,-,-,-,-
875,0,VCCSD0,80,-,-,-,-,B15,-,B5
876,0,VCCSD0,80,-,-,-,-,-,-,-
877,0,VCCAUXSD,80,-,-,-,-,B11,-,B9
878,0,VCCPLLSD0,80,-,-,-,-,B13,-,B7
879,0,VCCPLLSD0,80,-,-,-,-,-,-,-
880,0,VCCADC18,70,-,-,-,-,L14,J12,-
881,0,VSSADC,70,-,-,-,-,L13,J11,-
882,0,VSSADC,70,-,-,-,-,-,-,-
883,0,SD_REFCLKP,-,-,-,-,FALSE,A9,-,A11
884,0,SD_REFCLKN,-,-,-,-,FALSE,B9,-,B11
885,0,NC,-,-,-,-,-,-,-,-
886,0,NC,-,-,-,-,-,-,-,-
887,0,NC,-,-,-,-,-,-,-,-
888,0,NC,-,-,-,-,-,-,-,-
889,0,NC,-,-,-,-,-,-,-,-
890,0,NC,-,-,-,-,-,-,-,-
891,0,NC,-,-,-,-,-,-,-,-
892,0,NC,-,-,-,-,-,-,-,-
893,0,NC,-,-,-,-,-,-,-,-
894,0,NC,-,-,-,-,-,-,-,-
895,0,NC,-,-,-,-,-,-,-,-
